Institution_name,CollegeEssayAdvisors,EssayGuy,"CollegeVine
Essays",CollegeVineGuide
Agnes Scott College,https://www.collegeessayadvisors.com/supplemental-essay/agnes-scott-college-supplemental-essay-prompt-guide/,,https://www.collegevine.com/schools/agnes-scott-college/essay-prompts,
Albion College,,,,
Alfred University,,,,
Allegheny College,,,https://www.collegevine.com/schools/allegheny-college/essay-prompts,
American University,https://www.collegeessayadvisors.com/supplemental-essay/american-university-supplemental-essay-prompt-guide/,https://www.collegeessayguy.com/blog/american-university-supplemental-essay,https://www.collegevine.com/schools/american-university/essay-prompts,https://blog.collegevine.com/how-to-write-the-american-university-essays
Amherst College,https://www.collegeessayadvisors.com/supplemental-essay/amherst-college-supplemental-essay-prompt-guide/,https://www.collegeessayguy.com/blog/amherst-college-supplemental-essays,https://www.collegevine.com/schools/amherst-college/essay-prompts,https://blog.collegevine.com/how-to-write-the-amherst-college-essays
Antioch College,,,https://www.collegevine.com/schools/antioch-college/essay-prompts,
Appalachian State University,,,https://www.collegevine.com/schools/appalachian-state-university/essay-prompts,
Arizona State University,,,https://www.collegevine.com/schools/arizona-state-university-asu/essay-prompts,
Auburn University,,,,
Austin College,,,https://www.collegevine.com/schools/austin-college/essay-prompts,
Babson College,https://www.collegeessayadvisors.com/supplemental-essay/babson-college-supplemental-essay-prompt-guide/,https://www.collegeessayguy.com/blog/babson-college-supplemental-essay,https://www.collegevine.com/schools/babson-college/essay-prompts,
Bard College,https://www.collegeessayadvisors.com/supplemental-essay/bard-college-supplemental-essay-prompt-guide/,,,
Barnard College,https://www.collegeessayadvisors.com/supplemental-essay/barnard-college-supplemental-essay-guide/,https://www.collegeessayguy.com/blog/barnard-supplemental-essays,https://www.collegevine.com/schools/barnard-college/essay-prompts,https://blog.collegevine.com/how-to-write-the-barnard-college-essays
Bates College,,,,
Baylor University,https://www.collegeessayadvisors.com/supplemental-essay/baylor-university-supplemental-essay-prompt-guide/,,https://www.collegevine.com/schools/baylor-university/essay-prompts,https://blog.collegevine.com/how-to-write-the-baylor-university-essays
Belmont University,,,https://www.collegevine.com/schools/belmont-university/essay-prompts,
Beloit College,,,https://www.collegevine.com/schools/beloit-college/essay-prompts,
Bennington College,https://www.collegeessayadvisors.com/supplemental-essay/bennington-college-supplemental-essay-guide/,,https://www.collegevine.com/schools/bennington-college/essay-prompts,
Bentley University,https://www.collegeessayadvisors.com/supplemental-essay/bentley-university-supplemental-essay-prompt-guide/,,https://www.collegevine.com/schools/bentley-university/essay-prompts,
Berea College,,,https://www.collegevine.com/schools/berea-college/essay-prompts,
Boston College,https://www.collegeessayadvisors.com/supplemental-essay/boston-college-bc-2025-26-supplemental-essay-prompt-guide/,https://www.collegeessayguy.com/blog/boston-college-supplemental-essays,https://www.collegevine.com/schools/boston-college-bc/essay-prompts,https://blog.collegevine.com/how-to-write-the-boston-college-essays
Boston University,https://www.collegeessayadvisors.com/supplemental-essay/boston-university-bu-supplemental-essay-prompt-guide/,https://www.collegeessayguy.com/blog/boston-university-supplemental-essay,,https://blog.collegevine.com/how-to-write-the-boston-university-essays
Bowdoin College,https://www.collegeessayadvisors.com/supplemental-essay/bowdoin-college-supplemental-essay-guide/,https://www.collegeessayguy.com/blog/bowdoin-supplemental-essay,https://www.collegevine.com/schools/bowdoin-college/essay-prompts,https://blog.collegevine.com/how-to-write-the-bowdoin-college-essays
Bradley University,,,,
Brandeis University,https://www.collegeessayadvisors.com/supplemental-essay/brandeis-university-supplemental-essay-prompt-guide/,https://www.collegeessayguy.com/blog/brandeis-university-supplemental-essays,https://www.collegevine.com/schools/brandeis-university/essay-prompts,https://blog.collegevine.com/how-to-write-the-brandeis-university-essays
Brown University,https://www.collegeessayadvisors.com/supplemental-essay/brown-university-supplemental-essay-prompt-guide/,https://www.collegeessayguy.com/blog/brown-supplemental-essays,https://www.collegevine.com/schools/brown-university/essay-prompts,https://blog.collegevine.com/how-to-write-the-brown-university-and-plme-essays
Bryant University,,,,
Bryn Mawr College,https://www.collegeessayadvisors.com/supplemental-essay/bryn-mawr-college-supplemental-essay-prompt-guide/,,https://www.collegevine.com/schools/bryn-mawr-college/essay-prompts,https://blog.collegevine.com/how-to-write-the-bryn-mawr-essays
Bucknell University,https://www.collegeessayadvisors.com/supplemental-essay/bucknell-university-supplemental-essay-prompt-guide/,https://www.collegeessayguy.com/blog/bucknell-university-supplemental-essay,https://www.collegevine.com/schools/bucknell-university/essay-prompts,https://blog.collegevine.com/how-to-write-the-bucknell-university-essays
Butler University,https://www.collegeessayadvisors.com/supplemental-essay/butler-university-supplemental-essay-prompt-guide/,,https://www.collegevine.com/schools/butler-university/essay-prompts,
California Institute of Technology,https://www.collegeessayadvisors.com/supplemental-essay/california-institute-of-technology-caltech-supplemental-essay-prompt-guide/,https://www.collegeessayguy.com/blog/caltech-supplemental-essays,https://www.collegevine.com/schools/california-institute-of-technology-caltech/essay-prompts,https://blog.collegevine.com/how-to-write-the-caltech-essays
California Polytechnic State University-San Luis Obispo,,,,
California State Polytechnic University-Pomona,,,,
California State University-Fresno,,,,
California State University-Fullerton,,,,
California State University-Long Beach,,,,
California State University-Los Angeles,,,,
Carleton College,https://www.collegeessayadvisors.com/supplemental-essay/carleton-college-supplemental-essay-guide/,,https://www.collegevine.com/schools/carleton-college/essay-prompts,https://blog.collegevine.com/how-to-write-the-carleton-college-essays
Carnegie Mellon University,,https://www.collegeessayguy.com/blog/carnegie-mellon-supplemental-essay,https://www.collegevine.com/schools/carnegie-mellon-university-cmu/essay-prompts,
Case Western Reserve University,,,https://www.collegevine.com/schools/case-western-reserve-university/essay-prompts,https://blog.collegevine.com/how-to-write-the-case-western-essays
Centre College,https://www.collegeessayadvisors.com/supplemental-essay/centre-college-supplemental-essay-prompt-guide/,,https://www.collegevine.com/schools/centre-college/essay-prompts,
Chapman University,https://www.collegeessayadvisors.com/supplemental-essay/chapman-university-supplemental-essay-prompt-guide/,https://www.collegeessayguy.com/blog/chapman-university-supplemental-essays,https://www.collegevine.com/schools/chapman-university/essay-prompts,
Claremont McKenna College,https://www.collegeessayadvisors.com/supplemental-essay/claremont-mckenna-college-supplemental-essay-guide/,https://www.collegeessayguy.com/blog/claremont-mckenna-supplemental-essays,https://www.collegevine.com/schools/claremont-mckenna-college-cmc/essay-prompts,https://blog.collegevine.com/how-to-write-the-claremont-mckenna-college-essays
Clark University,https://www.collegeessayadvisors.com/supplemental-essay/clark-university-supplemental-essay-prompt-guide/,,https://www.collegevine.com/schools/clark-university/essay-prompts,https://blog.collegevine.com/how-to-write-the-clark-university-essays
Clarkson University,,,,
Clemson University,https://www.collegeessayadvisors.com/supplemental-essay/clemson-university-supplemental-essay-prompt-guide/,,,
Coastal Carolina University,https://www.collegeessayadvisors.com/supplemental-essay/coastal-carolina-university-supplemental-essay-prompt-guide/,,https://www.collegevine.com/schools/coastal-carolina-university-coastal/essay-prompts,
Colby College,,,,
Colgate University,https://www.collegeessayadvisors.com/supplemental-essay/colgate-university-supplemental-essay-prompt-guide/,https://www.collegeessayguy.com/blog/colgate-supplemental-essay,https://www.collegevine.com/schools/colgate-university/essay-prompts,https://blog.collegevine.com/how-to-write-the-colgate-university-essays
College of Charleston,https://www.collegeessayadvisors.com/supplemental-essay/college-of-charleston-supplemental-essay-prompt-guide/,,https://www.collegevine.com/schools/college-of-charleston-south-carolina/essay-prompts,
College of the Holy Cross,,,,
Colorado College,https://www.collegeessayadvisors.com/supplemental-essay/colorado-college-supplemental-essay-guide/,,https://www.collegevine.com/schools/colorado-college/essay-prompts,
Colorado School of Mines,https://www.collegeessayadvisors.com/supplemental-essay/colorado-school-of-mines-supplemental-essay-prompt-guide/,,https://www.collegevine.com/schools/colorado-school-of-mines-mines/essay-prompts,
Colorado State University-Fort Collins,,,https://www.collegevine.com/schools/colorado-state-university-csu/essay-prompts,
Columbia University in the City of New York,https://www.collegeessayadvisors.com/supplemental-essay/columbia-university-supplemental-essay-prompt-guide/,https://www.collegeessayguy.com/blog/columbia-supplemental-essay,https://www.collegevine.com/schools/columbia-university/essay-prompts,https://blog.collegevine.com/how-to-write-the-columbia-university-essays
Connecticut College,,,https://www.collegevine.com/schools/connecticut-college/essay-prompts,
Cornell University,https://www.collegeessayadvisors.com/supplemental-essay/cornell-university-supplemental-essay-prompt-guide/,https://www.collegeessayguy.com/blog/cornell-supplemental-essay,https://www.collegevine.com/schools/cornell-university/essay-prompts,https://blog.collegevine.com/how-to-write-the-cornell-university-essays
Creighton University,,,https://www.collegevine.com/schools/creighton-university/essay-prompts,
CUNY Bernard M Baruch College,,,,
CUNY Hunter College,,,https://www.collegevine.com/schools/hunter-college-cuny-hunter/essay-prompts,
Dartmouth College,https://www.collegeessayadvisors.com/supplemental-essay/dartmouth-college-supplemental-essay-prompt-guide/,https://www.collegeessayguy.com/blog/dartmouth-supplemental-essay,https://www.collegevine.com/schools/dartmouth-college/essay-prompts,https://blog.collegevine.com/how-to-write-the-dartmouth-college-essays
Davidson College,https://www.collegeessayadvisors.com/supplemental-essay/davidson-college-supplemental-essay-guide/,,https://www.collegevine.com/schools/davidson-college/essay-prompts,https://blog.collegevine.com/how-to-write-the-davidson-college-essays
Denison University,,,,
DePaul University,,,,
DePauw University,,,https://www.collegevine.com/schools/depauw-university/essay-prompts,
Dickinson College,,,https://www.collegevine.com/schools/dickinson-college/essay-prompts,
Drew University,,,,
Drexel University,https://www.collegeessayadvisors.com/supplemental-essay/drexel-university-supplemental-essay-prompt-guide/,,https://www.collegevine.com/schools/drexel-university/essay-prompts,https://blog.collegevine.com/how-to-write-the-drexel-university-essays
Duke University,,https://www.collegeessayguy.com/blog/duke-supplemental-essay,https://www.collegevine.com/schools/duke-university/essay-prompts,https://blog.collegevine.com/how-to-write-the-duke-university-essays
Duquesne University,,,,
Earlham College,https://www.collegeessayadvisors.com/supplemental-essay/earlham-college-supplemental-essay-prompt-guide/,,https://www.collegevine.com/schools/earlham-college/essay-prompts,
East Carolina University,,,https://www.collegevine.com/schools/east-carolina-university-ecu/essay-prompts,
Eckerd College,,,,
Elon University,https://www.collegeessayadvisors.com/supplemental-essay/elon-university-supplemental-essay-prompt-guide/,,https://www.collegevine.com/schools/elon-university/essay-prompts,
Emory University,https://www.collegeessayadvisors.com/supplemental-essay/emory-university-supplemental-essay-prompt-guide/,https://www.collegeessayguy.com/blog/emory-university-supplemental-essays,https://www.collegevine.com/schools/emory-university/essay-prompts,https://blog.collegevine.com/how-to-write-the-emory-university-essays
Fairfield University,,,,
Florida Atlantic University,,,,
Florida Gulf Coast University,,,,
Florida Institute of Technology,,,,
Florida International University,,,,
Florida State University,,,,
Fordham University,https://www.collegeessayadvisors.com/supplemental-essay/fordham-university-supplemental-essay-prompt-guide/,https://www.collegeessayguy.com/blog/fordham-university-supplemental-essay,https://www.collegevine.com/schools/fordham-university/essay-prompts,https://blog.collegevine.com/how-to-write-the-fordham-university-essays
Franklin & Marshall College,,,,
Franklin W Olin College of Engineering,https://www.collegeessayadvisors.com/supplemental-essay/olin-college-of-engineering-supplemental-essay-prompt-guide/,,https://www.collegevine.com/schools/franklin-w-olin-college-of-engineering-olin/essay-prompts,
Furman University,,,,
George Mason University,https://www.collegeessayadvisors.com/supplemental-essay/george-mason-university-supplemental-essay-prompt-guide/,,https://www.collegevine.com/schools/george-mason-university/essay-prompts,https://blog.collegevine.com/how-to-write-the-george-mason-university-essays
George Washington University,https://www.collegeessayadvisors.com/supplemental-essay/the-george-washington-university-supplemental-essay-guide/,https://www.collegeessayguy.com/blog/george-washington-university-supplemental-essays,https://www.collegevine.com/schools/george-washington-university-gw/essay-prompts,https://blog.collegevine.com/how-to-write-the-george-washington-university-essays
Georgetown University,https://www.collegeessayadvisors.com/supplemental-essay/georgetown-university-essay-prompt-guide/,https://www.collegeessayguy.com/blog/georgetown-supplemental-essay,https://www.collegevine.com/schools/georgetown-university/essay-prompts,https://blog.collegevine.com/how-to-write-the-georgetown-university-essays
Georgia College & State University,,,https://www.collegevine.com/schools/georgia-college-gcsu/essay-prompts,
Georgia Institute of Technology,https://www.collegeessayadvisors.com/supplemental-essay/georgia-tech-supplemental-essay-prompt-guide/,https://www.collegeessayguy.com/blog/georgia-tech-supplemental-essays,https://www.collegevine.com/schools/georgia-institute-of-technology-georgia-tech/essay-prompts,https://blog.collegevine.com/how-to-write-the-georgia-tech-essays
Georgia State University,https://www.collegeessayadvisors.com/supplemental-essay/georgia-state-university-supplemental-essay-prompt-guide/,,,
Gettysburg College,,,,
Gonzaga University,https://www.collegeessayadvisors.com/supplemental-essay/gonzaga-university-supplemental-essay-prompt-guide/,,https://www.collegevine.com/schools/gonzaga-university/essay-prompts,
Gordon College,,,https://www.collegevine.com/schools/gordon-college/essay-prompts,
Goucher College,,,https://www.collegevine.com/schools/goucher-college/essay-prompts,
Grinnell College,,,,
Gustavus Adolphus College,,,,
Hamilton College,https://www.collegeessayadvisors.com/supplemental-essay/hamilton-college-supplemental-essay-guide/,,https://www.collegevine.com/schools/hamilton-college/essay-prompts,
Harvard University,https://www.collegeessayadvisors.com/supplemental-essay/harvard-university-supplemental-essay-prompt-guide/,https://www.collegeessayguy.com/blog/harvard-supplemental-essay,https://www.collegevine.com/schools/harvard-university/essay-prompts,https://blog.collegevine.com/how-to-write-the-harvard-university-essays
Harvey Mudd College,https://www.collegeessayadvisors.com/supplemental-essay/harvey-mudd-college-supplemental-essay-prompt-guide/,https://www.collegeessayguy.com/blog/harvey-mudd-college-supplemental-essays,https://www.collegevine.com/schools/harvey-mudd-college-hmc/essay-prompts,https://blog.collegevine.com/how-to-write-the-harvey-mudd-college-essays
Haverford College,https://www.collegeessayadvisors.com/supplemental-essay/haverford-college-supplemental-essay-guide/,https://www.collegeessayguy.com/blog/haverford-college-supplemental-essays,https://www.collegevine.com/schools/haverford-college/essay-prompts,https://blog.collegevine.com/how-to-write-the-haverford-college-essays
Hendrix College,,,,
Hobart William Smith Colleges,,,,
Hofstra University,https://www.collegeessayadvisors.com/supplemental-essay/hofstra-university-supplemental-essay-prompt-guide/,,https://www.collegevine.com/schools/hofstra-university/essay-prompts,https://blog.collegevine.com/how-to-write-the-hofstra-university-essay-2020-2021/
Howard University,https://www.collegeessayadvisors.com/supplemental-essay/howard-university-supplemental-essay-prompt-guide/,https://www.collegeessayguy.com/blog/howard-university-supplemental-essays,https://www.collegevine.com/schools/howard-university/essay-prompts,https://blog.collegevine.com/how-to-write-the-howard-university-essay-2022-2023/
Illinois Institute of Technology,https://www.collegeessayadvisors.com/supplemental-essay/illinois-institute-of-technology-supplemental-essay-prompt-guide/,,https://www.collegevine.com/schools/illinois-institute-of-technology-illinois-tech/essay-prompts,
Illinois Wesleyan University,https://www.collegeessayadvisors.com/supplemental-essay/illinois-wesleyan-university-supplemental-essay-prompt-guide/,,https://www.collegevine.com/schools/illinois-wesleyan-university/essay-prompts,
Indiana University-Bloomington,,,https://www.collegevine.com/schools/indiana-university-bloomington-indiana/essay-prompts,https://blog.collegevine.com/how-to-write-the-indiana-university-bloomington-essays
Indiana University-Indianapolis,,,,
Iowa State University,,,,
Ithaca College,https://www.collegeessayadvisors.com/supplemental-essay/ithaca-college-supplemental-essay-prompt-guide/,,https://www.collegevine.com/schools/ithaca-college/essay-prompts,
James Madison University,,,,
Johns Hopkins University,https://www.collegeessayadvisors.com/supplemental-essay/johns-hopkins-university-supplemental-essay-prompt-guide/,https://www.collegeessayguy.com/blog/johns-hopkins-supplemental-essay,https://www.collegevine.com/schools/johns-hopkins-university-jhu/essay-prompts,https://blog.collegevine.com/how-to-write-the-johns-hopkins-university-essays
Juniata College,,,https://www.collegevine.com/schools/juniata-college/essay-prompts,
Kalamazoo College,https://www.collegeessayadvisors.com/supplemental-essay/kalamazoo-college-supplemental-essay-prompt-guide/,,https://www.collegevine.com/schools/kalamazoo-college/essay-prompts,
Kansas State University,,,https://www.collegevine.com/schools/kansas-state-university-ksu/essay-prompts,
Kenyon College,,,,
Lafayette College,https://www.collegeessayadvisors.com/supplemental-essay/lafayette-college-supplemental-essay-prompt-guide/,,https://www.collegevine.com/schools/lafayette-college/essay-prompts,https://blog.collegevine.com/how-to-write-the-lafayette-college-essays
Lake Forest College,,,,
Lawrence University,,,https://www.collegevine.com/schools/lawrence-university/essay-prompts,
Lehigh University,https://www.collegeessayadvisors.com/supplemental-essay/lehigh-university-supplemental-essay-prompt-guide/,https://www.collegeessayguy.com/blog/lehigh-university-supplemental-essays,https://www.collegevine.com/schools/lehigh-university/essay-prompts,https://blog.collegevine.com/how-to-write-the-lehigh-university-essays
Lewis & Clark College,https://www.collegeessayadvisors.com/supplemental-essay/lewis-and-clark-college-supplemental-essay-prompt-guide/,,,
Louisiana State University and Agricultural & Mechanical College,,,https://www.collegevine.com/schools/louisiana-state-university-lsu/essay-prompts,
Loyola Marymount University,https://www.collegeessayadvisors.com/supplemental-essay/loyola-marymount-university-lmu-supplemental-essay-prompt-guide/,https://www.collegeessayguy.com/blog/loyola-marymount-university-lmu-supplemental-essays,https://www.collegevine.com/schools/loyola-marymount-university-lmu/essay-prompts,
Loyola University Chicago,,,,
Loyola University Maryland,,,https://www.collegevine.com/schools/loyola-university-maryland/essay-prompts,
Loyola University New Orleans,,,https://www.collegevine.com/schools/loyola-university-new-orleans/essay-prompts,
Macalester College,https://www.collegeessayadvisors.com/supplemental-essay/macalester-college-supplemental-essay-prompt-guide/,,https://www.collegevine.com/schools/macalester-college/essay-prompts,https://blog.collegevine.com/how-to-write-the-macalester-college-essays
Marist College,https://www.collegeessayadvisors.com/supplemental-essay/marist-college-supplemental-essay-guide/,,https://www.collegevine.com/schools/marist-college/essay-prompts,
Marquette University,,,https://www.collegevine.com/schools/marquette-university/essay-prompts,
Massachusetts Institute of Technology,https://www.collegeessayadvisors.com/supplemental-essay/massachusetts-institute-of-technology-mit-essay-prompt-guide/,https://www.collegeessayguy.com/blog/mit-supplemental-essay,https://www.collegevine.com/schools/massachusetts-institute-of-technology-mit/essay-prompts,https://blog.collegevine.com/how-to-write-the-mit-application-essays
Miami University-Oxford,,,,
Michigan State University,,,,
Michigan Technological University,,,,
Middlebury College,,,,
Milwaukee School of Engineering,,,,
Mississippi State University,,,,
Missouri University of Science and Technology,,,https://www.collegevine.com/schools/missouri-university-of-science-technology-missouri-s-t/essay-prompts,
Morehouse College,https://www.collegeessayadvisors.com/supplemental-essay/morehouse-college-supplemental-essay-prompt-guide/,,https://www.collegevine.com/schools/morehouse-college/essay-prompts,
Mount Holyoke College,https://www.collegeessayadvisors.com/supplemental-essay/mount-holyoke-college-supplemental-essay-prompt-guide/,,https://www.collegevine.com/schools/mount-holyoke-college/essay-prompts,
Muhlenberg College,,,,
New College of Florida,,,,
New Jersey Institute of Technology,,,https://www.collegevine.com/schools/new-jersey-institute-of-technology-njit/essay-prompts,
New York University,https://www.collegeessayadvisors.com/supplemental-essay/new-york-university-nyu-supplemental-essay-prompt-guide/,https://www.collegeessayguy.com/blog/new-york-university-nyu-supplemental-essay,https://www.collegevine.com/schools/new-york-university-nyu/essay-prompts,https://blog.collegevine.com/how-to-write-the-nyu-essays
North Carolina State University at Raleigh,https://www.collegeessayadvisors.com/supplemental-essay/north-carolina-state-supplemental-essay-prompt-guide/,,https://www.collegevine.com/schools/north-carolina-state-university-nc-state/essay-prompts,https://blog.collegevine.com/how-to-write-the-north-carolina-state-university-essays
Northeastern University,,,,
Northern Arizona University,,,,
Northwestern University,https://www.collegeessayadvisors.com/supplemental-essay/northwestern-university-supplemental-essay-prompt-guide/,https://www.collegeessayguy.com/blog/northwestern-supplemental-essay,,
Oberlin College,,,,
Occidental College,https://www.collegeessayadvisors.com/supplemental-essay/occidental-college-supplemental-essay-guide/,,https://www.collegevine.com/schools/occidental-college/essay-prompts,https://blog.collegevine.com/how-to-write-the-occidental-college-essays
Ohio State University-Main Campus,,,https://www.collegevine.com/schools/ohio-state-university-osu/essay-prompts,https://blog.collegevine.com/how-to-write-the-ohio-state-university-essays
Ohio University-Main Campus,,,https://www.collegevine.com/schools/ohio-university/essay-prompts,
Ohio Wesleyan University,,,,
Oklahoma State University-Main Campus,,,https://www.collegevine.com/schools/oklahoma-state-university-osu/essay-prompts,
Oregon State University,,,https://www.collegevine.com/schools/oregon-state-university-osu/essay-prompts,https://blog.collegevine.com/how-to-write-the-oregon-state-university-essays-2022-2023/
Pennsylvania State University-Main Campus,https://www.collegeessayadvisors.com/supplemental-essay/penn-state-supplemental-essay-prompt-guide/,https://www.collegeessayguy.com/blog/penn-state-supplemental-essays,https://www.collegevine.com/schools/pennsylvania-state-university-penn-state/essay-prompts,https://blog.collegevine.com/how-to-write-the-penn-state-essays
Pepperdine University,https://www.collegeessayadvisors.com/supplemental-essay/pepperdine-university-supplemental-essay-prompt-guide/,https://www.collegeessayguy.com/blog/pepperdine-university-supplemental-essay,https://www.collegevine.com/schools/pepperdine-university/essay-prompts,https://blog.collegevine.com/how-to-write-the-pepperdine-university-essays
Pitzer College,https://www.collegeessayadvisors.com/supplemental-essay/pitzer-college-supplemental-essay-prompt-guide/,,https://www.collegevine.com/schools/pitzer-college/essay-prompts,https://blog.collegevine.com/how-to-write-the-pitzer-college-essays
Pomona College,https://www.collegeessayadvisors.com/supplemental-essay/pomona-college-supplemental-essay-guide/,https://www.collegeessayguy.com/blog/pomona-college-supplemental-essays,https://www.collegevine.com/schools/pomona-college/essay-prompts,https://blog.collegevine.com/how-to-write-the-pomona-college-essays
Portland State University,,,https://www.collegevine.com/schools/portland-state-university-psu/essay-prompts,
Princeton University,https://www.collegeessayadvisors.com/supplemental-essay/princeton-university-supplemental-essay-prompt-guide/,https://www.collegeessayguy.com/blog/princeton-supplemental-essays,https://www.collegevine.com/schools/princeton-university/essay-prompts,https://blog.collegevine.com/how-to-write-the-princeton-university-essays
Providence College,https://www.collegeessayadvisors.com/supplemental-essay/providence-college-supplemental-essay-prompt-guide/,,https://www.collegevine.com/schools/providence-college/essay-prompts,
Purdue University-Main Campus,https://www.collegeessayadvisors.com/supplemental-essay/purdue-university-supplemental-essay-prompt-guide/,https://www.collegeessayguy.com/blog/purdue-supplemental-essays,https://www.collegevine.com/schools/purdue-university/essay-prompts,https://blog.collegevine.com/how-to-write-the-purdue-university-essays
Queens University of Charlotte,,,,
Quinnipiac University,,,https://www.collegevine.com/schools/quinnipiac-university/essay-prompts,
Ramapo College of New Jersey,,,https://www.collegevine.com/schools/ramapo-college-of-new-jersey-rcnj/essay-prompts,
Reed College,https://www.collegeessayadvisors.com/supplemental-essay/reed-college-supplemental-essay-prompt-guide/,https://www.collegeessayguy.com/blog/reed-supplemental-essay,https://www.collegevine.com/schools/reed-college/essay-prompts,
Rensselaer Polytechnic Institute,https://www.collegeessayadvisors.com/supplemental-essay/rensselaer-polytechnic-institute-supplemental-essay-prompt-guide/,https://www.collegeessayguy.com/blog/rensselaer-polytechnic-institute-supplemental-essay,https://www.collegevine.com/schools/rensselaer-polytechnic-institute-rpi/essay-prompts,https://blog.collegevine.com/how-to-write-the-rensselaer-polytechnic-institute-essays
Rhodes College,,,,
Rice University,https://www.collegeessayadvisors.com/supplemental-essay/rice-university-supplemental-essay-prompt-guide/,https://www.collegeessayguy.com/blog/rice-university-supplemental-essays,https://www.collegevine.com/schools/rice-university/essay-prompts,https://blog.collegevine.com/how-to-write-the-rice-university-essays
Rochester Institute of Technology,,,https://www.collegevine.com/schools/rochester-institute-of-technology-rit/essay-prompts,
Rollins College,,,https://www.collegevine.com/schools/rollins-college/essay-prompts,
Rose-Hulman Institute of Technology,,,,
Rutgers University-New Brunswick,,,https://www.collegevine.com/schools/rutgers-university-new-brunswick-rutgers/essay-prompts,
Saint Louis University,,,,
Saint Mary's College of California,,,https://www.collegevine.com/schools/saint-mary-s-college-of-california-st-mary-s/essay-prompts,
San Diego State University,,,,
San Francisco State University,,,,
San Jose State University,,,,
Santa Clara University,https://www.collegeessayadvisors.com/supplemental-essay/santa-clara-university-supplemental-essay-guide/,https://www.collegeessayguy.com/blog/santa-clara-university-supplemental-essays,https://www.collegevine.com/schools/santa-clara-university/essay-prompts,https://blog.collegevine.com/how-to-write-the-santa-clara-university-essays
Sarah Lawrence College,https://www.collegeessayadvisors.com/supplemental-essay/sarah-lawrence-college-supplemental-essay-guide/,,https://www.collegevine.com/schools/sarah-lawrence-college/essay-prompts,
Scripps College,https://www.collegeessayadvisors.com/supplemental-essay/scripps-college-supplemental-essay-prompt-guide/,,https://www.collegevine.com/schools/scripps-college/essay-prompts,https://blog.collegevine.com/how-to-write-the-scripps-college-essays
Seattle University,https://www.collegeessayadvisors.com/supplemental-essay/seattle-university-supplemental-essay-guide/,,https://www.collegevine.com/schools/seattle-university/essay-prompts,
Skidmore College,,,,
Smith College,https://www.collegeessayadvisors.com/supplemental-essay/smith-college-supplemental-essay-prompt-guide/,,https://www.collegevine.com/schools/smith-college/essay-prompts,https://blog.collegevine.com/how-to-write-the-smith-college-essays-2021-2022/
Soka University of America,,,https://www.collegevine.com/schools/soka-university-of-america/essay-prompts,https://blog.collegevine.com/how-to-write-the-soka-university-of-america-essays
Southern Methodist University,https://www.collegeessayadvisors.com/supplemental-essay/southern-methodist-university-supplemental-essay-guide/,,https://www.collegevine.com/schools/southern-methodist-university-smu/essay-prompts,https://blog.collegevine.com/how-to-write-the-southern-methodist-university-essays
Southwestern University,,,,
Spelman College,https://www.collegeessayadvisors.com/supplemental-essay/spelman-college-supplemental-essay-prompt-guide/,https://www.collegeessayguy.com/blog/applying-to-spelman-college,https://www.collegevine.com/schools/spelman-college/essay-prompts,
"St. John's College, MD",https://www.collegeessayadvisors.com/supplemental-essay/st-johns-college-supplemental-essay-prompt-guide/,,,
"St. John's College, NM",https://www.collegeessayadvisors.com/supplemental-essay/st-johns-college-supplemental-essay-prompt-guide/,,,
St. Lawrence University,,,,
St. Mary's College of Maryland,,,https://www.collegevine.com/schools/st-mary-s-college-of-maryland/essay-prompts,
St. Olaf College,,,https://www.collegevine.com/schools/st-olaf-college/essay-prompts,
Stanford University,https://www.collegeessayadvisors.com/supplemental-essay/stanford-university-supplemental-essay-guide/,https://www.collegeessayguy.com/blog/stanford-supplemental-essay,https://www.collegevine.com/schools/stanford-university/essay-prompts,https://blog.collegevine.com/how-to-write-the-stanford-university-essays
Stetson University,,,,
Stevens Institute of Technology,https://www.collegeessayadvisors.com/supplemental-essay/stevens-institute-of-technology-supplemental-essay-prompt-guide/,,https://www.collegevine.com/schools/stevens-institute-of-technology/essay-prompts,
Stonehill College,https://www.collegeessayadvisors.com/supplemental-essay/stonehill-college-supplemental-essay-prompt-guide/,,https://www.collegevine.com/schools/stonehill-college/essay-prompts,
SUNY at Purchase College,,,https://www.collegevine.com/schools/state-university-of-new-york-at-purchase-suny-purchase/essay-prompts,
SUNY Binghamton University,,,,
SUNY College at Geneseo,,,,
SUNY Oneonta,,,,
SUNY Stony Brook University,,https://www.collegeessayguy.com/blog/suny-stony-book-university-supplemental-essays,https://www.collegevine.com/schools/the-state-university-of-new-york-at-stony-brook-suny-stony-brook/essay-prompts,https://blog.collegevine.com/how-to-write-the-stony-brook-university-essay-2022-2023/
SUNY University at Albany,,,,
SUNY University at Buffalo,,,,
Susquehanna University,,,,
Swarthmore College,https://www.collegeessayadvisors.com/supplemental-essay/swarthmore-college-supplemental-essay-prompt-guide/,https://www.collegeessayguy.com/blog/swarthmore-college-supplemental-essays,https://www.collegevine.com/schools/swarthmore-college/essay-prompts,https://blog.collegevine.com/how-to-write-the-swarthmore-college-essays
Syracuse University,https://www.collegeessayadvisors.com/supplemental-essay/syracuse-university-supplemental-essay-prompt-guide/,https://www.collegeessayguy.com/blog/syracuse-university-supplemental-essay,https://www.collegevine.com/schools/syracuse-university/essay-prompts,https://blog.collegevine.com/how-to-write-the-syracuse-university-essays
Temple University,,,,
Texas A & M University-College Station,https://www.collegeessayadvisors.com/supplemental-essay/texas-am-university-supplemental-essay-prompt-guide/,https://www.collegeessayguy.com/blog/texas-am-supplemental-essays,https://www.collegevine.com/schools/texas-a-m-university/essay-prompts,https://blog.collegevine.com/how-to-write-the-texas-am-university-essays
Texas Christian University,https://www.collegeessayadvisors.com/supplemental-essay/texas-christian-university-supplemental-essay-prompt-guide/,,https://www.collegevine.com/schools/texas-christian-university-tcu/essay-prompts,https://blog.collegevine.com/how-to-write-the-texas-christian-university-essays
Texas Tech University,,,,
The College of New Jersey,,,https://www.collegevine.com/schools/the-college-of-new-jersey-tcnj/essay-prompts,
The College of Wooster,,,https://www.collegevine.com/schools/college-of-wooster/essay-prompts,
The University of Tennessee-Knoxville,,,https://www.collegevine.com/schools/university-of-tennessee/essay-prompts,https://blog.collegevine.com/how-to-write-the-university-of-tennessee-essays
The University of Texas at Austin,https://www.collegeessayadvisors.com/supplemental-essay/university-of-texas-at-austin-essay-prompt-guide/,https://www.collegeessayguy.com/blog/university-texas-austin-supplemental-essay,https://www.collegevine.com/schools/university-of-texas-at-austin-ut-austin/essay-prompts,https://blog.collegevine.com/how-to-write-the-ut-austin-essays
The University of Texas at Dallas,,,,
Trinity College,https://www.collegeessayadvisors.com/supplemental-essay/trinity-college-supplemental-essay-prompt-guide/,,,
Trinity University,,,,
Truman State University,,,https://www.collegevine.com/schools/truman-state-university-tsu/essay-prompts,
Tufts University,https://www.collegeessayadvisors.com/supplemental-essay/tufts-university-supplemental-essay-prompt-guide/,https://www.collegeessayguy.com/blog/tufts-university-supplemental-essay,https://www.collegevine.com/schools/tufts-university/essay-prompts,https://blog.collegevine.com/how-to-write-the-tufts-university-essays
Tulane University of Louisiana,https://www.collegeessayadvisors.com/supplemental-essay/tulane-university-supplemental-essay-prompt-guide/,https://www.collegeessayguy.com/blog/tulane-university-supplemental-essays,,https://www.collegevine.com/schools/tulane-university/essay-prompts
Union College,,,,
University of Alabama,,,https://www.collegevine.com/schools/university-of-alabama/essay-prompts,
University of Alabama at Birmingham,,,,
University of Arizona,,,https://www.collegevine.com/schools/university-of-arizona/essay-prompts,
University of Arkansas,,,,
University of California-Berkeley,https://www.collegeessayadvisors.com/supplemental-essay/university-of-california-essay-prompt-guide/,https://www.collegeessayguy.com/uc-essays,https://www.collegevine.com/schools/university-of-california-berkeley-uc-berkeley/essay-prompts,https://blog.collegevine.com/how-to-write-the-university-of-california-essays
University of California-Davis,,,,
University of California-Irvine,,,,
University of California-Los Angeles,,,,
University of California-Merced,,,,
University of California-Riverside,,,,
University of California-San Diego,,,,
University of California-Santa Barbara,,,,
University of California-Santa Cruz,,,,
University of Central Florida,https://www.collegeessayadvisors.com/supplemental-essay/university-of-central-florida-supplemental-essay-prompt-guide/,,,
University of Chicago,https://www.collegeessayadvisors.com/supplemental-essay/university-of-chicago-supplemental-essay-prompt-guide/,https://www.collegeessayguy.com/blog/university-chicago-supplemental-essays,https://www.collegevine.com/schools/university-of-chicago/essay-prompts,https://blog.collegevine.com/how-to-write-the-uchicago-essays-2023-2024
University of Cincinnati-Main Campus,https://www.collegeessayadvisors.com/supplemental-essay/university-of-cincinnati-supplemental-essay-prompt-guide/,,https://www.collegevine.com/schools/university-of-cincinnati/essay-prompts,
University of Colorado Boulder,https://www.collegeessayadvisors.com/supplemental-essay/university-of-colorado-boulder-supplemental-essay-prompt-guide/,https://www.collegeessayguy.com/blog/university-colorado-boulder-supplemental-essay,https://www.collegevine.com/schools/university-of-colorado-boulder-cu-boulder/essay-prompts,https://blog.collegevine.com/how-to-write-the-university-of-colorado-boulder-essays
University of Connecticut,,,https://www.collegevine.com/schools/university-of-connecticut-uconn/essay-prompts,
University of Dayton,,,,
University of Delaware,,,https://www.collegevine.com/schools/university-of-delaware/essay-prompts,https://blog.collegevine.com/how-to-write-the-university-of-delaware-essays-2020-2021/
University of Denver,,,,
University of Florida,https://www.collegeessayadvisors.com/supplemental-essay/university-of-florida-supplemental-essay-prompt-guide/,,https://www.collegevine.com/schools/university-of-florida/essay-prompts,https://blog.collegevine.com/how-to-write-the-university-of-florida-essays
University of Georgia,https://www.collegeessayadvisors.com/supplemental-essay/university-of-georgia-supplemental-essay-prompt-guide/,https://www.collegeessayguy.com/blog/university-of-georgia-supplemental-essay,,
University of Houston,,,,
University of Illinois Chicago,https://www.collegeessayadvisors.com/supplemental-essay/university-of-illinois-chicago-supplemental-essay-prompt-guide/,,https://www.collegevine.com/schools/university-of-illinois-at-chicago-uic/essay-prompts,https://blog.collegevine.com/how-to-write-the-university-of-illinois-at-chicago-essays
University of Illinois Urbana-Champaign,https://www.collegeessayadvisors.com/supplemental-essay/university-of-illinois-urbana-champaign-supplemental-essay-guide/,https://www.collegeessayguy.com/blog/university-illinois-urbana-champaign-supplemental-essays,https://www.collegevine.com/schools/university-of-illinois-at-urbana-champaign-uiuc/essay-prompts,https://blog.collegevine.com/how-to-write-the-university-of-illinois-at-urbana-champaign-essays
University of Iowa,,,,
University of Kansas,,,https://www.collegevine.com/schools/university-of-kansas/essay-prompts,
University of Kentucky,,,,
University of Louisville,,,,
University of Maine,,,,
University of Mary Washington,,,https://www.collegevine.com/schools/university-of-mary-washington/essay-prompts,
University of Maryland-Baltimore County,https://www.collegeessayadvisors.com/supplemental-essay/university-of-maryland-supplemental-essay-prompt-guide/,https://www.collegeessayguy.com/blog/university-of-maryland-supplemental-essays,https://www.collegevine.com/schools/university-of-maryland-baltimore-county-umbc/essay-prompts,
University of Maryland-College Park,,,https://www.collegevine.com/schools/university-of-maryland-college-park-maryland/essay-prompts,
University of Massachusetts-Amherst,https://www.collegeessayadvisors.com/supplemental-essay/university-of-massachusetts-amherst-supplemental-essay-prompt-guide/,,https://www.collegevine.com/schools/university-of-massachusetts-amherst-umass-amherst/essay-prompts,https://blog.collegevine.com/how-to-write-the-umass-amherst-essays
University of Massachusetts-Boston,,,,
University of Miami,https://www.collegeessayadvisors.com/supplemental-essay/university-of-miami-supplemental-essay-prompt-guide/,https://www.collegeessayguy.com/blog/university-of-miami-supplemental-essays,https://www.collegevine.com/schools/university-of-miami/essay-prompts,https://blog.collegevine.com/how-to-write-the-university-of-miami-essays
University of Michigan-Ann Arbor,https://www.collegeessayadvisors.com/supplemental-essay/university-of-michigan-supplemental-essay-prompt-guide/,https://www.collegeessayguy.com/blog/university-michigan-supplemental-essay,https://www.collegevine.com/schools/university-of-michigan/essay-prompts,https://blog.collegevine.com/how-to-write-the-university-of-michigan-essays
University of Minnesota-Twin Cities,https://www.collegeessayadvisors.com/supplemental-essay/university-of-minnesota-twin-cities-supplemental-essay-prompt-guide/,,https://www.collegevine.com/schools/university-of-minnesota-twin-cities-minnesota/essay-prompts,
University of Mississippi,https://www.collegeessayadvisors.com/supplemental-essay/university-of-mississippi-supplemental-essay-prompt-guide/,,,
University of Missouri-Columbia,,,,
University of Nebraska-Lincoln,,,,
University of Nevada-Las Vegas,,,,
University of Nevada-Reno,,,https://www.collegevine.com/schools/university-of-nevada-reno/essay-prompts,https://blog.collegevine.com/how-to-write-the-university-of-nevada-reno-essays
University of New Hampshire-Main Campus,,,,
University of New Mexico-Main Campus,,,,
University of North Carolina Asheville,,,https://www.collegevine.com/schools/university-of-north-carolina-at-asheville/essay-prompts,
University of North Carolina at Chapel Hill,https://www.collegeessayadvisors.com/supplemental-essay/university-of-north-carolina-unc-supplemental-essay-prompt-guide/,https://www.collegeessayguy.com/blog/unc-chapel-hill-supplemental-essays,https://www.collegevine.com/schools/university-of-north-carolina-at-chapel-hill-unc/essay-prompts,https://blog.collegevine.com/how-to-write-the-unc-chapel-hill-essays
University of North Carolina at Charlotte,https://www.collegeessayadvisors.com/supplemental-essay/university-of-north-carolina-at-charlotte-supplemental-essay-prompt-guide/,,https://www.collegevine.com/schools/university-of-north-carolina-at-charlotte-unc-charlotte/essay-prompts,
University of North Carolina Wilmington,,,https://www.collegevine.com/schools/university-of-north-carolina-at-wilmington-unc-wilmington/essay-prompts,
University of Notre Dame,https://www.collegeessayadvisors.com/supplemental-essay/university-of-notre-dame-supplemental-essay-prompt-guide/,https://www.collegeessayguy.com/blog/university-notre-dame-supplemental-essays,https://www.collegevine.com/schools/university-of-notre-dame/essay-prompts,https://blog.collegevine.com/how-to-write-the-university-of-notre-dame-essays
University of Oklahoma-Norman Campus,https://www.collegeessayadvisors.com/supplemental-essay/university-of-oklahoma-supplemental-essay-prompt-guide/,,https://www.collegevine.com/schools/university-of-oklahoma/essay-prompts,
University of Oregon,https://www.collegeessayadvisors.com/supplemental-essay/university-of-oregon-supplemental-essay-prompt-guide/,,https://www.collegevine.com/schools/university-of-oregon/essay-prompts,https://blog.collegevine.com/how-to-write-the-university-of-oregon-essays
University of Pennsylvania,https://www.collegeessayadvisors.com/supplemental-essay/university-of-pennsylvania-upenn-supplemental-essay-prompt-guide-2/,https://www.collegeessayguy.com/blog/upenn-university-pennsylvania-supplemental-essay,https://www.collegevine.com/schools/university-of-pennsylvania-upenn/essay-prompts,https://blog.collegevine.com/how-to-write-the-upenn-supplemental-essays
University of Pittsburgh-Pittsburgh Campus,https://www.collegeessayadvisors.com/supplemental-essay/university-of-pittsburgh-supplemental-essay-prompt-guide/,,https://www.collegevine.com/schools/university-of-pittsburgh-pitt/essay-prompts,https://blog.collegevine.com/how-to-write-the-university-of-pittsburgh-essays
University of Portland,,,https://www.collegevine.com/schools/university-of-portland/essay-prompts,
University of Puget Sound,,,,
University of Redlands,,,https://www.collegevine.com/schools/university-of-redlands/essay-prompts,
University of Rhode Island,,,https://www.collegevine.com/schools/university-of-rhode-island-uri/essay-prompts,
University of Richmond,https://www.collegeessayadvisors.com/supplemental-essay/university-of-richmond-supplemental-essay-guide/,https://collegeessayguy.com/blog/university-richmond-supplemental-essay,https://www.collegevine.com/schools/university-of-richmond/essay-prompts,https://blog.collegevine.com/how-to-write-the-university-of-richmond-essays
University of Rochester,https://www.collegeessayadvisors.com/supplemental-essay/university-rochester-supplemental-essay-prompt-guide/,https://www.collegeessayguy.com/blog/university-Rochester-supplemental-essay,https://www.collegevine.com/schools/university-of-rochester/essay-prompts,https://blog.collegevine.com/how-to-write-the-university-of-rochester-essays-2020-2021/
University of San Diego,https://www.collegeessayadvisors.com/supplemental-essay/university-of-san-diego-supplemental-essay-prompt-guide/,https://www.collegeessayguy.com/blog/university-of-san-diego-supplemental-essays,https://www.collegevine.com/schools/university-of-san-diego-usd/essay-prompts,
University of San Francisco,https://www.collegeessayadvisors.com/supplemental-essay/university-of-san-francisco-supplemental-essay-prompt-guide/,,https://www.collegevine.com/schools/university-of-san-francisco-usf/essay-prompts,https://blog.collegevine.com/how-to-write-the-university-of-san-francisco-essays
University of South Carolina-Columbia,,,,
University of South Florida,,,,
University of Southern California,https://www.collegeessayadvisors.com/supplemental-essay/university-of-southern-california-usc-supplemental-essay-prompt-guide/,https://www.collegeessayguy.com/blog/university-southern-california-usc-supplemental-essays,https://www.collegevine.com/schools/university-of-southern-california-usc/essay-prompts,
University of Utah,,,https://www.collegevine.com/schools/university-of-utah/essay-prompts,
University of Vermont,https://www.collegeessayadvisors.com/supplemental-essay/university-of-vermont-supplemental-essay-prompt-guide-2/,,https://www.collegevine.com/schools/university-of-vermont-uvm/essay-prompts,https://blog.collegevine.com/how-to-write-the-university-of-vermont-essays-2020-2021/
University of Virginia-Main Campus,https://www.collegeessayadvisors.com/supplemental-essay/university-of-virginia-uva-supplemental-essay-prompt-guide/,https://www.collegeessayguy.com/blog/uva-supplemental-essays,https://www.collegevine.com/schools/university-of-virginia-uva/essay-prompts,https://blog.collegevine.com/how-to-write-the-university-of-virginia-essays
University of Washington-Seattle Campus,https://www.collegeessayadvisors.com/supplemental-essay/university-of-washington-uw-supplemental-essay-prompt-guide/,https://www.collegeessayguy.com/blog/university-of-washington-supplemental-essays,https://www.collegevine.com/schools/university-of-washington/essay-prompts,https://blog.collegevine.com/how-to-write-the-university-of-washington-essays
University of Wisconsin-Madison,https://www.collegeessayadvisors.com/supplemental-essay/university-of-wisconsin-madison-supplemental-essay-prompt-guide/,https://www.collegeessayguy.com/blog/university-wisconsin-madison-supplemental-essays,https://www.collegevine.com/schools/university-of-wisconsin-madison-wisconsin/essay-prompts,https://blog.collegevine.com/how-to-write-the-university-of-wisconsin-madison-essays
Ursinus College,,,https://www.collegevine.com/schools/ursinus-college/essay-prompts,
Vanderbilt University,https://www.collegeessayadvisors.com/supplemental-essay/vanderbilt-university-supplemental-essay-prompt-guide/,https://www.collegeessayguy.com/blog/vanderbilt-supplemental-essay,https://www.collegevine.com/schools/vanderbilt-university/essay-prompts,https://blog.collegevine.com/how-to-write-the-vanderbilt-university-essays
Vassar College,,https://www.collegeessayguy.com/blog/vassar-college-supplemental-essay,https://www.collegevine.com/schools/vassar-college/essay-prompts,https://blog.collegevine.com/how-to-write-the-vassar-college-essays
Villanova University,https://www.collegeessayadvisors.com/supplemental-essay/villanova-university-supplemental-essay-prompt-guide/,https://www.collegeessayguy.com/blog/villanova-supplemental-essays,https://www.collegevine.com/schools/villanova-university/essay-prompts,https://blog.collegevine.com/how-to-write-the-villanova-university-essays
Virginia Commonwealth University,,,https://www.collegevine.com/schools/virginia-commonwealth-university-vcu/essay-prompts,
Virginia Polytechnic Institute and State University,https://www.collegeessayadvisors.com/supplemental-essay/virginia-tech-supplemental-essay-prompt-guide/,,https://www.collegevine.com/schools/virginia-tech/essay-prompts,https://blog.collegevine.com/how-to-write-the-virginia-tech-essays
Wake Forest University,https://www.collegeessayadvisors.com/supplemental-essay/wake-forest-university-supplemental-essay-prompt-guide/,https://www.collegeessayguy.com/blog/wake-forest-supplemental-essays,https://www.collegevine.com/schools/wake-forest-university/essay-prompts,https://blog.collegevine.com/how-to-write-the-wake-forest-university-essays
Washington & Lee University,https://www.collegeessayadvisors.com/supplemental-essay/washington-and-lee-university-supplemental-essay-guide/,,https://www.collegevine.com/schools/washington-and-lee-university/essay-prompts,https://blog.collegevine.com/how-to-write-the-washington-and-lee-university-essays
Wellesley College,https://www.collegeessayadvisors.com/supplemental-essay/wellesley-college-supplemental-essay-prompt-guide/,https://www.collegeessayguy.com/blog/wellesley-college-supplemental-essay,https://www.collegevine.com/schools/wellesley-college/essay-prompts,https://blog.collegevine.com/how-to-write-the-wellesley-college-essays
Wesleyan University,,,,
"Wheaton College, IL",,,https://www.collegevine.com/schools/wheaton-college-illinois/essay-prompts,
"Wheaton College, MA",,,https://www.collegevine.com/schools/wheaton-college-massachusetts/essay-prompts,
Whitman College,,,,
Willamette University,,,https://www.collegevine.com/schools/willamette-university/essay-prompts,
William & Mary,,https://www.collegeessayguy.com/blog/william-and-mary-supplemental-essay,https://www.collegevine.com/schools/college-of-william-mary-william-mary/essay-prompts,
Williams College,,,https://www.collegevine.com/schools/williams-college/essay-prompts,
Worcester Polytechnic Institute,https://www.collegeessayadvisors.com/supplemental-essay/worcester-polytechnic-institute-wpi-supplemental-essay-prompt-guide/,https://www.collegeessayguy.com/blog/worcester-polytechnic-institute-wpi-supplemental-essay,https://www.collegevine.com/schools/worcester-polytechnic-institute-wpi/essay-prompts,https://blog.collegevine.com/how-to-write-the-worcester-polytechnic-institute-essays
Yale University,https://www.collegeessayadvisors.com/supplemental-essay/yale-university-supplemental-essay-prompt-guide/,https://www.collegeessayguy.com/blog/yale-supplemental-essay,https://www.collegevine.com/schools/yale-university/essay-prompts,https://blog.collegevine.com/how-to-write-the-yale-university-essays
Yeshiva University,,,https://www.collegevine.com/schools/yeshiva-university/essay-prompts,https://blog.collegevine.com/how-to-write-the-yeshiva-university-essays
Washington University in St. Louis,,https://www.collegeessayguy.com/blog/washington-university-st-louis-supplemental-essay,https://www.collegevine.com/schools/washington-university-in-st-louis-washu/essay-prompts,https://blog.collegevine.com/how-to-write-the-washu-essays
